Workbook
Name CFG_PRECO: 'Configurações'!$B$5
Name CFG_MAX: 'Configurações'!$B$6
Name CFG_ABERTAS: 'Configurações'!$B$7
Name CFG_ESTOQUE: 'Configurações'!$A$11:$B$14

Sheet Painel
A1: Bloco do 22 — Painel de reservas
A2: Atualiza sozinho a cada reserva. Evento: Quinta-feira, 22/10/2026, às 19h, na Pracinha de Boa Viagem.
A4: Reservas ativas | C4: Camisas reservadas | E4: Entregues | G4: A entregar
A5: =COUNTIFS(Reservas!A2:A,"<>",Reservas!K2:K,"<>Cancelado") | C5: =SUMIFS(Reservas!I2:I,Reservas!K2:K,"<>Cancelado") | E5: =SUMIFS(Reservas!I2:I,Reservas!K2:K,"Entregue") | G5: =C5-E5
A6: pedidos não cancelados | C6: ="de "&SUM(INDEX(CFG_ESTOQUE,0,2))&" camisas" | E6: camisas já retiradas | G6: reservadas e ainda não retiradas
A8: Disponíveis no site | C8: Valor a receber | E8: Valor recebido | G8: Canceladas
A9: =MAX(0,SUM(INDEX(CFG_ESTOQUE,0,2))-C5) | C9: =SUMIFS(Reservas!J2:J,Reservas!K2:K,"Reservado") | E9: =SUMIFS(Reservas!J2:J,Reservas!K2:K,"Entregue") | G9: =COUNTIF(Reservas!K2:K,"Cancelado")
A10: camisas que ainda dá para reservar | C10: das reservas pendentes | E10: das camisas entregues | G10: reservas canceladas
A12: Estoque por tamanho
A13: Tamanho | B13: Estoque | C13: Reservadas | D13: Entregues | E13: A entregar | F13: Disponíveis | G13: Ocupação | H13: %
A14: P | B14: =INDEX(CFG_ESTOQUE,1,2) | C14: =SUMIFS(Reservas!E2:E,Reservas!K2:K,"<>Cancelado") | D14: =SUMIFS(Reservas!E2:E,Reservas!K2:K,"Entregue") | E14: =C14-D14 | F14: =MAX(0,B14-C14) | G14: =SPARKLINE(C14,{"charttype","bar";"max",MAX(1,B14);"color1","#0B7A35"}) | H14: =IFERROR(C14/B14,0)
A15: M | B15: =INDEX(CFG_ESTOQUE,2,2) | C15: =SUMIFS(Reservas!F2:F,Reservas!K2:K,"<>Cancelado") | D15: =SUMIFS(Reservas!F2:F,Reservas!K2:K,"Entregue") | E15: =C15-D15 | F15: =MAX(0,B15-C15) | G15: =SPARKLINE(C15,{"charttype","bar";"max",MAX(1,B15);"color1","#0B7A35"}) | H15: =IFERROR(C15/B15,0)
A16: G | B16: =INDEX(CFG_ESTOQUE,3,2) | C16: =SUMIFS(Reservas!G2:G,Reservas!K2:K,"<>Cancelado") | D16: =SUMIFS(Reservas!G2:G,Reservas!K2:K,"Entregue") | E16: =C16-D16 | F16: =MAX(0,B16-C16) | G16: =SPARKLINE(C16,{"charttype","bar";"max",MAX(1,B16);"color1","#0B7A35"}) | H16: =IFERROR(C16/B16,0)
A17: GG | B17: =INDEX(CFG_ESTOQUE,4,2) | C17: =SUMIFS(Reservas!H2:H,Reservas!K2:K,"<>Cancelado") | D17: =SUMIFS(Reservas!H2:H,Reservas!K2:K,"Entregue") | E17: =C17-D17 | F17: =MAX(0,B17-C17) | G17: =SPARKLINE(C17,{"charttype","bar";"max",MAX(1,B17);"color1","#0B7A35"}) | H17: =IFERROR(C17/B17,0)
A18: Total | B18: =SUM(B14:B17) | C18: =SUM(C14:C17) | D18: =SUM(D14:D17) | E18: =SUM(E14:E17) | F18: =SUM(F14:F17) | G18: =SPARKLINE(C18,{"charttype","bar";"max",MAX(1,B18);"color1","#053B1E"}) | H18: =IFERROR(C18/B18,0)
A20: Para dar baixa numa retirada, use a aba Balcão. Para cancelar uma reserva, mude o Status na aba Reservas.

Sheet Balcão
A1: Balcão de retirada
A2: Digite o código ou o WhatsApp, confira a reserva, receba o pagamento e marque Entregue.
A3: Código ou WhatsApp | D3: Digite e aperte Enter
A4: Atendente
A5: Entregue | B5: Não | D5: Marque depois de receber o pagamento e entregar todas as camisas
A8: Código | B8: Reservado em | C8: Nome completo | D8: WhatsApp | E8: P | F8: M | G8: G | H8: GG | I8: Qtd. | J8: Total | K8: Status | L8: Atendente | M8: Retirado em | N8: Observações
A9: =ARRAYFORMULA(IF($B$3="","",IFERROR(FILTER(Reservas!A2:N,(Reservas!A2:A=UPPER(TRIM($B$3)))+IF(LEN(REGEXREPLACE($B$3&"","\D",""))>=8,RIGHT(REGEXREPLACE(Reservas!D2:D&"","\D",""),LEN(REGEXREPLACE($B$3&"","\D","")))=REGEXREPLACE($B$3&"","\D",""),FALSE)),"Nenhuma reserva encontrada para esse código ou WhatsApp.")))

Sheet Reservas
A1: Código | B1: Reservado em | C1: Nome completo | D1: WhatsApp | E1: P | F1: M | G1: G | H1: GG | I1: Qtd. | J1: Total | K1: Status | L1: Atendente | M1: Retirado em | N1: Observações

Sheet Configurações
A1: Configurações
A2: Mude os valores nos campos amarelos. O site usa os valores novos na próxima reserva.
A4: Reservas
A5: Preço por camisa | B5: 22 | C5: Se mudar o preço, avise quem cuida do site para atualizar o texto.
A6: Máximo de camisas por reserva | B6: 3
A7: Reservas abertas no site | B7: Sim | C7: Desmarque (ou mude para Não) para encerrar as reservas. O site trava na hora.
A9: Estoque por tamanho
A10: Tamanho | B10: Camisas
A11: P | B11: 150 | C11: Para mudar o estoque, edite estes números. O saldo do site se ajusta sozinho.
A12: M | B12: 250
A13: G | B13: 400
A14: GG | B14: 200
A15: Total | B15: =SUM(B11:B14)
A17: Informações para consulta
A18: Local de retirada | B18: Comitê da Direita Pernambucana
A19: Endereço | B19: Av. Herculano Bandeira, 766 — Pina, Recife/PE
A20: Horário de retirada | B20: Segunda a sábado, das 9h às 18h
A21: Evento | B21: Quinta-feira, 22/10/2026, às 19h, na Pracinha de Boa Viagem

Sheet Como usar
A1: Como usar
A2: Guia rápido para a equipe do comitê.
A4: Na retirada (aba Balcão)
A5: 1 | B5: Peça o código da reserva (começa com B22-) ou o WhatsApp da pessoa e digite no campo amarelo.
A6: 2 | B6: Confira nome, tamanhos e total. Se o Status for Entregue, a camisa já foi retirada: não entregue de novo.
A7: 3 | B7: Receba o pagamento e entregue TODAS as camisas do pedido.
A8: 4 | B8: Escreva seu nome em Atendente e marque Entregue. A planilha registra a data e a hora.
A10: Se alguém desistir
A11: 1 | B11: Na aba Reservas, mude o Status da reserva para Cancelado. As camisas voltam para o estoque do site.
A13: Estoque, preço e encerramento (aba Configurações)
A14: 1 | B14: Para mudar o estoque de um tamanho, edite o número na tabela Estoque por tamanho.
A15: 2 | B15: Para encerrar as reservas, desmarque Reservas abertas no site. Para reabrir, marque de novo.
A17: Acompanhamento (aba Painel)
A18: 1 | B18: Mostra reservas, camisas entregues, valores e quanto resta de cada tamanho. Tudo se atualiza sozinho.
